individual_id,panel_size,position_c_start,allele,position_g_start,average_frequency,variant_on_genome_frequency,disease_id
79242,39,145,3,141673345,0.456251,0.229,2
79243,10,785,1,141672705,0,0.476,2
79244,127,145,1,141673345,0.456251,0.747,2
79249,6,785,1,141672705,0,0.03,1
79250,1,785,1,141672705,0,0.042,1
79251,4,785,1,141672705,0,0.167,1
79252,98,145,1,141673345,0.456251,0.49,1
79253,7,145,1,141673345,0.456251,0.318,1
79254,37,145,1,141673345,0.456251,0.685,1
79255,12,145,1,141673345,0.456251,0.5,1
79256,18,145,1,141673345,0.456251,1,1
79257,1,145,1,141673345,0.456251,0.042,1
79259,11,785,1,141672705,0,0.524,0
79260,3,145,1,141673345,0.456251,0.018,0
79261,1,886,1,141672604,0.485108,0.006,0
79262,3,145,3,141673345,0.456251,0.046,0
79263,62,145,3,141673345,0.456251,0.954,2
79266,7,145,1,141673345,0.456251,0.073,0
79267,89,145,1,141673345,0.456251,0.927,2
79268,105,785,1,141672705,0,0.194,1
79269,3,785,1,141672705,0,0.006,1
79270,10,785,1,141672705,0,0.018,1
79272,55,785,1,141672705,0,0.081,1
79273,17,785,1,141672705,0,0.025,1
79274,1,809,1,141672681,0,0.002,1
79275,2,649,1,141672841,0.0000487698,0.004,1
79276,7,403,1,141673087,0.000600372,0.013,1
79277,10,785,1,141672705,0,0.015,1
79278,1,239,1,141673251,0.000199138,0.002,1
79280,6,191,1,141673299,0.000369853,0.011,1
79281,251,145,1,141673345,0.456251,0.463,1
79282,1,145,1,141673345,0.456251,0.002,1
79283,4,145,1,141673345,0.456251,0.007,1
79284,1,145,1,141673345,0.456251,0.002,1
79286,6,106,1,141673384,0.000337256,0.011,1
79287,3,785,1,141672705,0,0.006,1
79288,4,17,1,141673473,0.000167715,0.007,1
79289,27,403,1,141673087,0.000600372,0.04,1
79290,1,362,1,141673128,0,0.001,1
79291,2,239,1,141673251,0.000199138,0.003,1
79292,1,239,1,141673251,0.000199138,0.001,1
79293,1,191,1,141673299,0.000369853,0.001,1
79294,335,145,1,141673345,0.456251,0.493,1
79295,1,145,1,141673345,0.456251,0.001,1
79296,1,145,1,141673345,0.456251,0.001,1
79297,30,145,1,141673345,0.456251,0.044,1
79298,1,785,1,141672705,0,0.025,1
79300,11,145,1,141673345,0.456251,0.275,1
79302,19,145,1,141673345,0.456251,0.731,1
79303,3,145,1,141673345,0.456251,0.115,1
79304,2,785,1,141672705,0,0.05,1
79306,20,145,1,141673345,0.456251,0.5,1
79308,7,145,1,141673345,0.456251,0.438,1
79309,1,822,1,141672668,0.000960458,0.062,1
79311,81,145,1,141673345,0.456251,0.57,1
79312,8,145,1,141673345,0.456251,0.056,1
79313,1,-992,1,141674481,0,0.048,1
79314,1,-926,1,141674415,0,0.048,1
79315,1,-924,1,141674413,0,0.004,1
79316,1,-898,1,141674387,0,0.017,1
79317,1,-853,1,141674342,0,0.012,1
79318,1,-848,1,141674337,0,0.019,1
79319,1,-827,1,141674316,0,0.001,1
79320,1,-817,1,141674306,0,0.001,1
79321,1,-692,1,141674181,0,0.016,1
79322,1,-657,1,141674146,0,0.048,1
79323,1,-615,1,141674104,0,0.008,1
79324,1,-608,1,141674097,0,0.024,1
79325,1,-607,1,141674096,0,0.038,1
79326,1,-578,1,141674067,0,0.078,1
79327,1,-572,1,141674061,0,0.021,1
79328,1,-552,1,141674041,0,0.008,1
79329,1,-476,1,141673965,0,0.001,1
79330,1,-414,1,141673903,0,0.048,1
79331,1,-344,1,141673833,0,0.005,1
79332,1,-319,1,141673808,0,0.038,1
79333,1,-233,1,141673722,0,0.048,1
79334,1,-232,1,141673721,0,0.007,1
79335,1,-225,1,141673714,0,0.01,1
79336,1,-180,1,141673669,0,0.001,1
79337,1,-161,1,141673650,0,0.001,1
79338,1,-157,1,141673646,0,0.015,1
79339,1,-145,1,141673634,0,0.017,1
79340,1,-93,1,141673582,0,0.008,1
79341,1,-59,1,141673548,0,0.004,1
79342,1,1013,1,141672477,0.00000864536,0.032,1
79343,1,1120,1,141672370,0,0.003,1
79344,1,1411,1,141672079,0,0.016,1
79345,1,1432,1,141672058,0,0.023,1
79346,1,1509,1,141671981,0,0.008,1
79347,1,1615,1,141671875,0,0.048,1
79348,1,1688,1,141671802,0,0.001,1
79349,1,1873,1,141671617,0,0.04,1
79350,1,1886,1,141671604,0,0.001,1
79351,1,1928,1,141671562,0,0.008,1
79352,1,1934,1,141671556,0,0.001,1
79353,1,145,1,141673345,0.456251,0.463,1
79354,1,886,1,141672604,0.485108,0.463,1