id,panel_size,disease_id,screening_id,variant_id,position_c_start,position_c_end,allele,position_g_start,average_frequency,variant_on_genome,variant_on_genome_frequency
79241,59,0,79313,127952,0,0,3,0,0,g.=,0.808
79242,39,2,79314,127953,145,145,3,141673345,0.456251,g.141673345C>G,0.229
79243,10,2,79315,127954,785,785,1,141672705,0,g.141672705A>G,0.476
79244,127,2,79316,127955,145,145,1,141673345,0.456251,g.141673345C>G,0.747
79245,94,1,79317,127956,0,0,1,0,0,g.=,0.47
79246,15,1,79318,127957,0,0,1,0,0,g.=,0.682
79247,17,1,79319,127958,0,0,1,0,0,g.=,0.315
79248,6,1,79320,127959,0,0,1,0,0,g.=,0.25
79249,6,1,79321,127960,785,785,1,141672705,0,g.141672705A>G,0.03
79250,1,1,79322,127961,785,785,1,141672705,0,g.141672705A>G,0.042
79251,4,1,79323,127962,785,785,1,141672705,0,g.141672705A>G,0.167
79252,98,1,79324,127963,145,145,1,141673345,0.456251,g.141673345C>G,0.49
79253,7,1,79325,127964,145,145,1,141673345,0.456251,g.141673345C>G,0.318
79254,37,1,79326,127965,145,145,1,141673345,0.456251,g.141673345C>G,0.685
79255,12,1,79327,127966,145,145,1,141673345,0.456251,g.141673345C>G,0.5
79256,18,1,79328,127967,145,145,1,141673345,0.456251,g.141673345C>G,1
79257,1,1,79329,127968,145,145,1,141673345,0.456251,g.141673345C>G,0.042
79258,14,0,79330,127969,0,0,3,0,0,g.=,0.192
79259,11,0,79331,127970,785,785,1,141672705,0,g.141672705A>G,0.524
79260,3,0,79332,127971,145,145,1,141673345,0.456251,g.141673345C>G,0.018
79261,1,0,79333,127972,886,886,1,141672604,0.485108,g.141672604T>C,0.006
79262,3,0,79334,127973,145,145,3,141673345,0.456251,g.141673345C>G,0.046
79263,62,2,79335,127974,145,145,3,141673345,0.456251,g.141673345C>G,0.954
79264,40,2,79336,127975,0,0,3,0,0,g.=,0.87
79265,6,2,79337,127976,0,0,3,0,0,g.=,0.13
79266,7,0,79338,127977,145,145,1,141673345,0.456251,g.141673345C>G,0.073
79267,89,2,79339,127978,145,145,1,141673345,0.456251,g.141673345C>G,0.927
79268,105,1,79340,127979,785,785,1,141672705,0,g.141672705A>G,0.194
79269,3,1,79341,127980,785,785,1,141672705,0,g.141672705A>G,0.006
79270,10,1,79342,127981,785,785,1,141672705,0,g.141672705A>G,0.018
79271,137,1,79343,127982,0,0,1,0,0,g.=,0.747
79272,55,1,79344,127983,785,785,1,141672705,0,g.141672705A>G,0.081
79273,17,1,79345,127984,785,785,1,141672705,0,g.141672705A>G,0.025
79274,1,1,79346,127985,809,809,1,141672681,0,g.141672681A>C,0.002
79275,2,1,79347,127986,649,649,1,141672841,0.0000487698,g.141672841T>G,0.004
79276,7,1,79348,127987,403,403,1,141673087,0.000600372,g.141673087A>C,0.013
79277,10,1,79349,127988,785,785,1,141672705,0,g.141672705A>G,0.015
79278,1,1,79350,127989,239,239,1,141673251,0.000199138,g.141673251T>C,0.002
79279,198,1,79351,127990,0,0,1,0,0,g.=,0.747
79280,6,1,79352,127991,191,191,1,141673299,0.000369853,g.141673299C>T,0.011
79281,251,1,79353,127992,145,145,1,141673345,0.456251,g.141673345C>G,0.463
79282,1,1,79354,127993,145,145,1,141673345,0.456251,g.141673345C>G,0.002
79283,4,1,79355,127994,145,145,1,141673345,0.456251,g.141673345C>G,0.007
79284,1,1,79356,127995,145,145,1,141673345,0.456251,g.141673345C>G,0.002
79285,1,1,79357,127996,0,0,1,0,0,g.=,0.747
79286,6,1,79358,127997,106,106,1,141673384,0.000337256,g.141673384C>T,0.011
79287,3,1,79359,127998,785,785,1,141672705,0,g.141672705A>G,0.006
79288,4,1,79360,127999,17,17,1,141673473,0.000167715,g.141673473C>T,0.007
79289,27,1,79361,128000,403,403,1,141673087,0.000600372,g.141673087A>C,0.04
79290,1,1,79362,128001,362,362,1,141673128,0,g.141673128A>G,0.001
79291,2,1,79363,128002,239,239,1,141673251,0.000199138,g.141673251T>C,0.003
79292,1,1,79364,128003,239,239,1,141673251,0.000199138,g.141673251T>C,0.001
79293,1,1,79365,128004,191,191,1,141673299,0.000369853,g.141673299C>T,0.001
79294,335,1,79366,128005,145,145,1,141673345,0.456251,g.141673345C>G,0.493
79295,1,1,79367,128006,145,145,1,141673345,0.456251,g.141673345C>G,0.001
79296,1,1,79368,128007,145,145,1,141673345,0.456251,g.141673345C>G,0.001
79297,30,1,79369,128008,145,145,1,141673345,0.456251,g.141673345C>G,0.044
79298,1,1,79370,128009,785,785,1,141672705,0,g.141672705A>G,0.025
79299,28,1,79371,128010,0,0,1,0,0,g.=,0.747
79300,11,1,79372,128011,145,145,1,141673345,0.456251,g.141673345C>G,0.275
79301,4,1,79373,128012,0,0,1,0,0,g.=,0.747
79302,19,1,79374,128013,145,145,1,141673345,0.456251,g.141673345C>G,0.731
79303,3,1,79375,128014,145,145,1,141673345,0.456251,g.141673345C>G,0.115
79304,2,1,79376,128015,785,785,1,141672705,0,g.141672705A>G,0.05
79305,18,1,79377,128016,0,0,1,0,0,g.=,0.747
79306,20,1,79378,128017,145,145,1,141673345,0.456251,g.141673345C>G,0.5
79307,8,1,79379,128018,0,0,1,0,0,g.=,0.747
79308,7,1,79380,128019,145,145,1,141673345,0.456251,g.141673345C>G,0.438
79309,1,1,79381,128020,822,822,1,141672668,0.000960458,g.141672668G>A,0.062
79310,53,1,79382,128021,0,0,1,0,0,g.=,0.747
79311,81,1,79383,128022,145,145,1,141673345,0.456251,g.141673345C>G,0.57
79312,8,1,79384,128023,145,145,1,141673345,0.456251,g.141673345C>G,0.056
79313,1,1,79385,128024,-992,-992,1,141674481,0,g.141674481T>C,0.048
79314,1,1,79386,128025,-926,-926,1,141674415,0,g.141674415T>G,0.048
79315,1,1,79387,128026,-924,-924,1,141674413,0,g.141674413C>G,0.004
79316,1,1,79388,128027,-898,-898,1,141674387,0,g.141674387G>A,0.017
79317,1,1,79389,128028,-853,-853,1,141674342,0,g.141674342G>A,0.012
79318,1,1,79390,128029,-848,-848,1,141674337,0,g.141674337G>A,0.019
79319,1,1,79391,128030,-827,-827,1,141674316,0,g.141674316T>C,0.001
79320,1,1,79392,128031,-817,-817,1,141674306,0,g.141674306G>C,0.001
79321,1,1,79393,128032,-692,-692,1,141674181,0,g.141674181T>C,0.016
79322,1,1,79394,128033,-657,-657,1,141674146,0,g.141674146T>A,0.048
79323,1,1,79395,128034,-615,-615,1,141674104,0,g.141674104C>T,0.008
79324,1,1,79396,128035,-608,-608,1,141674097,0,g.141674097A>T,0.024
79325,1,1,79397,128036,-607,-607,1,141674096,0,g.141674096T>A,0.038
79326,1,1,79398,128037,-578,-578,1,141674067,0,g.141674067A>C,0.078
79327,1,1,79399,128038,-572,-572,1,141674061,0,g.141674061T>C,0.021
79328,1,1,79400,128039,-552,-552,1,141674041,0,g.141674041C>T,0.008
79329,1,1,79401,128040,-476,-476,1,141673965,0,g.141673965T>C,0.001
79330,1,1,79402,128041,-414,-414,1,141673903,0,g.141673903C>T,0.048
79331,1,1,79403,128042,-344,-344,1,141673833,0,g.141673833G>A,0.005
79332,1,1,79404,128043,-319,-319,1,141673808,0,g.141673808C>G,0.038
79333,1,1,79405,128044,-233,-233,1,141673722,0,g.141673722C>A,0.048
79334,1,1,79406,128045,-232,-232,1,141673721,0,g.141673721G>A,0.007
79335,1,1,79407,128046,-225,-225,1,141673714,0,g.141673714C>T,0.01
79336,1,1,79408,128047,-180,-180,1,141673669,0,g.141673669G>A,0.001
79337,1,1,79409,128048,-161,-161,1,141673650,0,g.141673650G>A,0.001
79338,1,1,79410,128049,-157,-157,1,141673646,0,g.141673646G>A,0.015
79339,1,1,79411,128050,-145,-145,1,141673634,0,g.141673634C>G,0.017
79340,1,1,79412,128051,-93,-93,1,141673582,0,g.141673582C>T,0.008
79341,1,1,79413,128052,-59,-59,1,141673548,0,g.141673548C>T,0.004
79342,1,1,79414,128053,1013,1013,1,141672477,0.00000864536,g.141672477C>T,0.032
79343,1,1,79415,128054,1120,1120,1,141672370,0,g.141672370C>T,0.003
79344,1,1,79416,128055,1411,1411,1,141672079,0,g.141672079G>C,0.016
79345,1,1,79417,128056,1432,1432,1,141672058,0,g.141672058G>A,0.023
79346,1,1,79418,128057,1509,1509,1,141671981,0,g.141671981A>G,0.008
79347,1,1,79419,128058,1615,1615,1,141671875,0,g.141671875A>C,0.048
79348,1,1,79420,128059,1688,1688,1,141671802,0,g.141671802A>G,0.001
79349,1,1,79421,128060,1873,1873,1,141671617,0,g.141671617G>A,0.04
79350,1,1,79422,128061,1886,1886,1,141671604,0,g.141671604C>T,0.001
79351,1,1,79423,128062,1928,1928,1,141671562,0,g.141671562G>A,0.008
79352,1,1,79424,128063,1934,1934,1,141671556,0,g.141671556A>G,0.001
79353,1,1,79425,128064,145,145,1,141673345,0.456251,g.141673345C>G,0.463
79354,1,1,79426,128065,886,886,1,141672604,0.485108,g.141672604T>C,0.463